Name,MANN_a9,MANN_a9
Max Clique,16,16
Found,16,16
Is Clique,True,True
Time,0.08465290069580078,0.08556318283081055
